INSERT INTO artist (artist_id, name, birth_date, style) VALUES
	('0001', 'Головин А.Я.', '1863-03-01', 'модерн'),
	('0002', 'Борисов-Мусатов В.Э.', '1870-04-14', 'символизм'),
	('0003', 'Врубель М.А.', '1856-03-17', 'символизм'),
	('0004', 'Рембрандт Харменс ван Рейн', '1606-07-15', 'барокко'),
	('0005', 'Пикассо Пабло', '1881-10-25', 'кубизм'),
	('0006', 'Айвазовский И.К.', '1817-07-29', 'романтизм'),
	('0007', 'Кандинский В.В.', '1866-12-16', 'абстракционизм'),
	('0008', 'Шишкин И.И.', '1832-01-25', 'реализм'),
	('0009', 'Сапунов Н.Н.', '1880-12-17', 'символизм'),
	('0010', 'Серов В.А.', '1865-01-19', 'неоклассицизм'),
	('0011', 'Самохвалов А.Н.', '1894-08-21', 'реализм'),
	('0012', 'Ватенин В.В.', '1933-01-27', 'реализм'),
	('0013', 'Винсент Ван Гог', '1853-03-30', 'постимпрессионизм'),
	('0014', 'Сальвадор Дали', '1904-05-11', 'сюрреализм'),
	('0015', 'Васнецов В.М.', '1848-05-27', 'реализм'),
	('0016', 'Клод Моне', '1840-11-14', 'импрессионизм'),
	('0017', 'Эдгар Де Га', '1834-07-19', 'импрессионизм'),
	('0018', 'Бенуа А.Н.', '1870-05-03', 'модерн'),
	('0019', 'Рубенс Питер Пауль', '1577-06-28', 'барокко'),
	('0020', 'Микеланджело Меризи да Караваджо', '1571-11-29', 'барокко');

INSERT INTO owner (pass_num, name, city, street, house, apartment) VALUES
	('2313414', 'Андреев Василий Александрович', 'Санкт-Петербург', 'Московский проспект', '216', '50'),
	('4333211', 'Шевченко Виктор Андреевич', 'Москва', 'Каланчёвская', '45', '16'),
	('6777888', 'Алиев Рустам Русланович', 'Пермь', 'Ленина', '2', '98'),
	('7667924', 'Королькова Антонина Викторовна', 'Владивосток', 'Светланская', '89', NULL),
	('7678912', 'Лобова Алла Евгеньевна', 'Казань', 'Московская', '65', '1'),
	('7866721', 'Новиков Петр Романович', 'Москва', 'Никольская', '103', '25'),
	('7868123', 'Кузнецов Аркадий Павлович', 'Сочи', 'Черноморская', '5', '12'),
	('8761899', 'Булгаков Виталий Степанович', 'Москва', 'Фрунзенская набережная', '38', '13'),
	('8775999', 'Ким Александр Сергеевич', 'Москва', 'Ленина', '15', '76'),
	('8778999', 'Герман Филипп Артурович', 'Красноярск', 'Чернышевского', '34', '34'),
	('8799100', 'Юдин Алексей Петрович', 'Санкт-Петербург', 'Каменноостровский проспект', '65', '16'),
	('8934114', 'Василенко Максим Сергеевич', 'Томск', 'Московский тракт', '15', NULL),
	('9103345', 'Юдина Виктория Павловна', 'Санкт-Петербург', 'Невский проспект', '20', '67'),
	('9905432', 'Огнев Василий Анатольевич', 'Нижний Новгород', 'Фруктовая', '107', NULL),
	('9938700', 'Серебрянская Ольга Васильевна', 'Сочи', 'Курортный проспект', '70', '2');

INSERT INTO painting (painting_id, title, type, genre, price, artist_id, year, ownerpass_num, ownership_date)
VALUES
	('1001', 'Портрет Ф.И. Шаляпина в роли Бориса Годунова', 'репродукция', 'портрет', 100000.00, '0001', 1912, '4333211', '1971-10-01'),
	('1002', 'У водоема', 'подлинник', 'историческая живопись', 1500000.00, '0002', 1902, NULL, NULL),
	('1003', 'Карусель', 'подлинник', 'эскиз', 1000000.00, '0009', 1908, '6777888', '2005-05-12'),
	('1004', 'Петр II и цесаревна Елизавета на псовой охоте', 'репродукция', 'живопись', 200000.00, '0010', 1900, '7868123', '1960-08-15'),
	('1005', 'Похищение Европы', 'подлинник', 'мифологическая живопись', 1000000.00, '0010', 1910, '8799100', '2010-02-13'),
	('1006', 'Одиссей и Навзикая', 'репродукция', 'мифологическая живопись', 100000.00, '0010', 1910, '8799100', '2013-03-14'),
	('1007', 'Портрет Е.П. Олив', 'репродукция', 'портрет', 150000.00, '0010', 1909, NULL, NULL),
	('1008', 'Ида Рубенштейн', 'подлинник', 'портрет', 2000000.00, '0010', 1910, '9905432', '2012-02-16'),
	('1009', 'Военизированный комсомол', 'репродукция', 'живопись', 400000.00, '0011', 1933, '9938700', '1995-06-24'),
	('1010', 'Автопортрет', 'подлинник', 'портрет', 1250000.00, '0012', 1971, NULL, NULL),
	('1011', 'Мальчик с собакой', 'репродукция', 'портрет', 550000.00, '0005', 1905, '7678912', '2015-11-23'),
	('1012', 'Голова женщины', 'подлинник', 'портрет', 3250000.00, '0005', 1928, '7678912', '2015-11-23'),
	('1013', 'Тамара и демон', 'подлинник', 'мифологическая живопись', 3000000.00, '0003', 1891, '9938700', '2001-08-12'),
	('1014', 'Голова демона', 'подлинник', 'мифологическая живопись', 1750000.00, '0003', 1891, '2313414', NULL),
	('1015', 'Портрет мужчины в старинном костюме', 'репродукция', 'портрет', 555000.00, '0003', 1886, '8775999', '1984-12-30'),
	('1016', 'Восточная сказка', 'репродукция', 'пейзаж', 475000.00, '0003', 1886, '9905432', NULL),
	('1017', 'Предательство Иуды', 'репродукция', 'христианская живопись', 600000.00, '0006', 1834, '7866721', '1976-10-30'),
	('1018', 'Бурное море', 'репродукция', 'маринизм', 650000.00, '0006', 1868, '8761899', '1986-09-12'),
	('1019', 'Ночной дозор', 'подлинник', 'портрет', 10000000.00, '0004', 1642, '8778999', '1999-08-16'),
	('1020', 'Возвращение блудного сына', 'подлинник', 'живопись', 12000000.00, '0004', 1669, NULL, NULL),
	('1021', 'Желтое-красное-синее', 'подлинник', 'графика', 1350000.00, '0007', 1925, '8934114', '2001-08-25'),
	('1022', 'Утро в сосновом лесу', 'репродукция', 'пейзаж', 925000.00, '0008', 1889, '9103345', '1996-12-03'),
	('1023', 'Звездная ночь', 'репродукция', 'пейзаж', 750000.00, '0013', 1889, '8799100', NULL),
	('1024', 'Постоянство памяти', 'подлинник', 'символическая живопись', 8000000.00, '0014', 1931, '2313414', '2012-12-12'),
	('1025', 'Аленушка', 'подлинник', 'живопись', 7500000.00, '0015', 1881, NULL, NULL),
	('1026', 'Женщины в саду', 'подлинник', 'живопись', 7250000.00, '0016', 1866, NULL, NULL),
	('1027', 'Лягушатник', 'подлинник', 'живопись', 8500000.00, '0016', 1869, NULL, NULL),
	('1028', 'Танцевальный класс', 'репродукция', 'живопись', 1250000.00, '0017', 1874, '8761899', '1997-06-05'),
	('1029', 'Вход в павловский дворец', 'репродукция', 'живопись', 657000.00, '0018', 1902, NULL, NULL),
	('1030', 'Избиение невинных', 'подлинник', 'живопись', 13000000.00, '0019', 1612, NULL, NULL),
	('1031', 'Самсон и Далила', 'репродукция', 'живопись', 780000.00, '0019', 1610, '7678912', '1993-02-17'),
	('1032', 'Иоанн креститель', 'подлинник', 'портрет', 13500000.00, '0020', 1598, '8934114', '2015-06-16'),
	('1033', 'Корзина с фруктами', 'подлинник', 'натюрморт', 15000000.00, '0020', 1599, NULL, NULL),
	('1034', 'Вакх', 'репродукция', 'мифологическая живопись', 2400000.00, '0020', 1595, '8934114', NULL);

INSERT INTO exhibition (exhibition_id, name, open_date, close_date, place) VALUES
	('2001', 'Выставка картин Серова', '2015-02-28', '2015-08-28', 'Третьяковская галерея'),
	('2002', 'Художники-маринисты', '2013-03-01', '2014-03-01', 'Русский музей'),
	('2003', 'Художники эпохи барокко', '2015-07-23', '2016-11-24', 'Эрмитаж'),
	('2004', 'Художники-авангардисты', '2012-05-16', '2017-05-17', 'Эрарта'),
	('2005', 'Импрессионизм в художественном искусстве', '2014-09-14', '2015-09-14', 'Третьяковская галерея'),
	('2006', 'Мифы и легенды в представлении художников', '2017-01-15', '2017-08-15', 'Эрмитаж'),
	('2007', 'Портреты', '2016-03-14', '2017-08-15', 'Эрарта'),
	('2008', 'Символическое искусство как загадка художника', '2012-04-18', '2014-12-30', 'Русский музей'),
	('2009', 'Русская природа', '2010-05-16', '2013-07-17', 'Русский музей'),
	('2010', 'Творчество русских художников', '2017-09-14', '2018-09-15', 'Эрмитаж');

INSERT INTO owner_phone (pass_num, phone_num) VALUES
	('2313414', '88123452185'),
	('2313414', '89114558219'),
	('2313414', '89317826513'),
	('4333211', '89164591475'),
	('6777888', '83429706432'),
	('6777888', '89228654340'),
	('7667924', '84236543356'),
	('7678912', '88438519848'),
	('7678912', '89005567865'),
	('7678912', '89038527298'),
	('7866721', '89167820739'),
	('7868123', '89004892948'),
	('7868123', '89186930020'),
	('8761899', '89163994059'),
	('8761899', '89187893792'),
	('8775999', '89168405983'),
	('8799100', '88129894458'),
	('9103345', '88129034290'),
	('9103345', '89216679912'),
	('9905432', '88316882011'),
	('9905432', '88317892919'),
	('9905432', '89027984911'),
	('9905432', '89157381983');

INSERT INTO ex_painting (exhibition_id, painting_id) VALUES
	('2001', '1004'),
	('2001', '1005'),
	('2001', '1006'),
	('2001', '1007'),
	('2001', '1008'),
	('2002', '1017'),
	('2002', '1018'),
	('2003', '1019'),
	('2003', '1020'),
	('2003', '1030'),
	('2003', '1031'),
	('2003', '1032'),
	('2003', '1033'),
	('2003', '1034'),
	('2004', '1011'),
	('2004', '1012'),
	('2004', '1021'),
	('2004', '1024'),
	('2005', '1023'),
	('2005', '1026'),
	('2005', '1027'),
	('2005', '1028'),
	('2006', '1005'),
	('2006', '1006'),
	('2006', '1013'),
	('2006', '1014'),
	('2006', '1017'),
	('2006', '1034'),
	('2007', '1001'),
	('2007', '1007'),
	('2007', '1008'),
	('2007', '1010'),
	('2007', '1011'),
	('2007', '1012'),
	('2007', '1015'),
	('2007', '1019'),
	('2007', '1032'),
	('2008', '1002'),
	('2008', '1015'),
	('2008', '1024'),
	('2009', '1018'),
	('2009', '1022'),
	('2009', '1025'),
	('2010', '1001'),
	('2010', '1002'),
	('2010', '1003'),
	('2010', '1004'),
	('2010', '1005'),
	('2010', '1006'),
	('2010', '1007'),
	('2010', '1008'),
	('2010', '1009'),
	('2010', '1010'),
	('2010', '1013'),
	('2010', '1014'),
	('2010', '1015'),
	('2010', '1016'),
	('2010', '1017'),
	('2010', '1018'),
	('2010', '1021'),
	('2010', '1022'),
	('2010', '1025'),
	('2010', '1029');

INSERT INTO genre_artist (artist_id, genre_name) VALUES
	('0001', 'портрет'),
	('0001', 'сценография'),
	('0002', 'бытовой'),
	('0002', 'историческая живопись'),
	('0002', 'пейзаж'),
	('0002', 'портрет'),
	('0003', 'живопись'),
	('0003', 'пейзаж'),
	('0004', 'живопись'),
	('0004', 'офорт'),
	('0004', 'портрет'),
	('0005', 'графика'),
	('0005', 'портрет'),
	('0006', 'маринизм'),
	('0006', 'религиозный'),
	('0007', 'графика'),
	('0007', 'живопись'),
	('0008', 'пейзаж'),
	('0009', 'натюрморт'),
	('0009', 'эскиз'),
	('0010', 'графика'),
	('0010', 'живопись'),
	('0010', 'портрет'),
	('0011', 'графика'),
	('0011', 'живопись'),
	('0012', 'натюрморт'),
	('0012', 'портрет'),
	('0013', 'натюрморт'),
	('0013', 'пейзаж'),
	('0013', 'портрет'),
	('0014', 'графика'),
	('0014', 'живопись'),
	('0015', 'историческая живопись'),
	('0016', 'натюрморт'),
	('0016', 'пейзаж'),
	('0016', 'портрет'),
	('0017', 'живопись'),
	('0018', 'графика'),
	('0018', 'живопись'),
	('0019', 'пейзаж'),
	('0019', 'портрет'),
	('0020', 'живопись'),
	('0020', 'натюрморт'),
	('0020', 'портрет');

INSERT INTO painting_technique (painting_id, technique_name) VALUES
	('1001', 'гуашь'),
	('1001', 'темпера'),
	('1002', 'масло'),
	('1002', 'темпера'),
	('1003', 'графит'),
	('1003', 'гуашь'),
	('1003', 'темпера'),
	('1004', 'графит'),
	('1004', 'гуашь'),
	('1004', 'темпера'),
	('1004', 'уголь'),
	('1005', 'гуашь'),
	('1005', 'темпера'),
	('1006', 'графит'),
	('1006', 'гуашь'),
	('1006', 'темпера'),
	('1007', 'акварель'),
	('1007', 'гуашь'),
	('1007', 'пастель'),
	('1008', 'темпера'),
	('1008', 'уголь'),
	('1009', 'масло'),
	('1009', 'темпера'),
	('1010', 'масло'),
	('1010', 'темпера'),
	('1011', 'гуашь'),
	('1011', 'пастель'),
	('1012', 'масло'),
	('1012', 'песок'),
	('1013', 'белила'),
	('1013', 'черная акварель'),
	('1014', 'черная акварель'),
	('1015', 'акварель'),
	('1015', 'белила'),
	('1015', 'графит'),
	('1015', 'карандаш'),
	('1015', 'лак'),
	('1016', 'акварель'),
	('1016', 'белила'),
	('1016', 'лак'),
	('1017', 'белила'),
	('1017', 'итальянский карандаш'),
	('1018', 'карандаш'),
	('1018', 'тушь'),
	('1019', 'масло'),
	('1020', 'масло'),
	('1021', 'масло'),
	('1022', 'масло'),
	('1023', 'масло'),
	('1024', 'гобелен'),
	('1025', 'масло'),
	('1026', 'масло'),
	('1027', 'масло'),
	('1028', 'масло'),
	('1029', 'гуашь'),
	('1029', 'пастель'),
	('1030', 'масло'),
	('1031', 'масло'),
	('1032', 'масло'),
	('1033', 'масло'),
	('1034', 'масло');